{
	"$schema": "https://schemas.wp.org/wp/6.7/theme.json",
	"customTemplates": [
		{
			"name": "page-no-title",
			"postTypes": [
				"page"
			],
			"title": "无标题页面"
		},
		{
			"name": "page-with-sidebar",
			"postTypes": [
				"page"
			],
			"title": "带有侧边栏的页面"
		},
		{
			"name": "page-wide",
			"postTypes": [
				"page"
			],
			"title": "带宽幅图像的页面"
		},
		{
			"name": "single-with-sidebar",
			"postTypes": [
				"post"
			],
			"title": "带侧边栏的单页"
		}
	],
	"patterns": [
		"three-columns-of-services",
		"clients-section"
	],
	"settings": {
		"appearanceTools": true,
		"blocks": {
			"core/columns": {
				"color": {
					"gradients": [
						{
							"color": "#000",
							"gradient": "linear-gradient(135deg,rgb(160,248,182) 0%,rgb(242,151,228) 100%)",
							"name": "颜色 1",
							"slug": "custom-1"
						}
					],
					"palette": [
						{
							"color": "#eeeeee",
							"name": "基准色",
							"slug": "base"
						},
						{
							"color": "#ffffff",
							"name": "底座 / 两个",
							"slug": "base-2"
						},
						{
							"color": "#222831",
							"name": "对比色",
							"slug": "contrast"
						},
						{
							"color": "#393e46",
							"name": "对比/两个",
							"slug": "contrast-2"
						},
						{
							"color": "#00adb5",
							"name": "对比/三",
							"slug": "contrast-3"
						},
						{
							"color": "#ff2121",
							"name": "强调",
							"slug": "accent"
						},
						{
							"color": "#bddd22",
							"name": "重音/两个",
							"slug": "accent-2"
						},
						{
							"color": "#fff143",
							"name": "重音 / 三",
							"slug": "accent-3"
						},
						{
							"color": "#ff461f",
							"name": "重音 / 四",
							"slug": "accent-4"
						},
						{
							"color": "#801dae",
							"name": "重音 / 五",
							"slug": "accent-5"
						}
					]
				},
				"typography": {
					"fontFamilies": [
						{
							"fontFamily": "-apple-system, BlinkMacSystemFont, avenir next, avenir, segoe ui, helvetica neue, helvetica, Cantarell, Ubuntu, roboto, noto, arial, sans-serif",
							"name": "系统无衬线字体",
							"slug": "system-sans-serif"
						},
						{
							"fontFamily": "Iowan Old Style, Apple Garamond, Baskerville, Times New Roman, Droid Serif, Times, Source Serif Pro, serif, Apple Color Emoji, Segoe UI Emoji, Segoe UI Symbol",
							"name": "系统衬线",
							"slug": "system-serif"
						}
					]
				}
			},
			"core/group": {
				"color": {
					"gradients": [
						{
							"color": "#000",
							"gradient": "linear-gradient(135deg,rgb(160,248,182) 0%,rgb(242,151,228) 100%)",
							"name": "颜色 1",
							"slug": "custom-1"
						}
					],
					"palette": [
						{
							"color": "#eeeeee",
							"name": "基准色",
							"slug": "base"
						},
						{
							"color": "#ffffff",
							"name": "底座 / 两个",
							"slug": "base-2"
						},
						{
							"color": "#222831",
							"name": "对比色",
							"slug": "contrast"
						},
						{
							"color": "#393e46",
							"name": "对比/两个",
							"slug": "contrast-2"
						},
						{
							"color": "#00adb5",
							"name": "对比/三",
							"slug": "contrast-3"
						},
						{
							"color": "#ff2121",
							"name": "强调",
							"slug": "accent"
						},
						{
							"color": "#bddd22",
							"name": "重音/两个",
							"slug": "accent-2"
						},
						{
							"color": "#fff143",
							"name": "重音 / 三",
							"slug": "accent-3"
						},
						{
							"color": "#ff461f",
							"name": "重音 / 四",
							"slug": "accent-4"
						},
						{
							"color": "#801dae",
							"name": "重音 / 五",
							"slug": "accent-5"
						}
					]
				},
				"typography": {
					"fontFamilies": [
						{
							"fontFamily": "-apple-system, BlinkMacSystemFont, avenir next, avenir, segoe ui, helvetica neue, helvetica, Cantarell, Ubuntu, roboto, noto, arial, sans-serif",
							"name": "系统无衬线字体",
							"slug": "system-sans-serif"
						},
						{
							"fontFamily": "Iowan Old Style, Apple Garamond, Baskerville, Times New Roman, Droid Serif, Times, Source Serif Pro, serif, Apple Color Emoji, Segoe UI Emoji, Segoe UI Symbol",
							"name": "系统衬线",
							"slug": "system-serif"
						}
					]
				}
			}
		},
		"color": {
			"defaultDuotone": false,
			"defaultGradients": false,
			"defaultPalette": false,
			"duotone": [
				{
					"colors": [
						"#111111",
						"#ffffff"
					],
					"name": "黑白",
					"slug": "duotone-1"
				},
				{
					"colors": [
						"#111111",
						"#C2A990"
					],
					"name": "黑色和砂岩",
					"slug": "duotone-2"
				},
				{
					"colors": [
						"#111111",
						"#D8613C"
					],
					"name": "黑色和铁锈色",
					"slug": "duotone-3"
				},
				{
					"colors": [
						"#111111",
						"#B1C5A4"
					],
					"name": "黑色和鼠尾草色",
					"slug": "duotone-4"
				},
				{
					"colors": [
						"#111111",
						"#B5BDBC"
					],
					"name": "黑色和粉蓝色",
					"slug": "duotone-5"
				}
			],
			"gradients": [
				{
					"gradient": "linear-gradient(to bottom, #cfcabe 0%, #F9F9F9 100%)",
					"name": "竖向柔和米色至白色",
					"slug": "gradient-1"
				},
				{
					"gradient": "linear-gradient(to bottom, #C2A990 0%, #F9F9F9 100%)",
					"name": "垂直软砂岩至白色",
					"slug": "gradient-2"
				},
				{
					"gradient": "linear-gradient(to bottom, #D8613C 0%, #F9F9F9 100%)",
					"name": "垂直软锈到白色",
					"slug": "gradient-3"
				},
				{
					"gradient": "linear-gradient(to bottom, #B1C5A4 0%, #F9F9F9 100%)",
					"name": "竖向柔和的鼠尾草色至白色",
					"slug": "gradient-4"
				},
				{
					"gradient": "linear-gradient(to bottom, #B5BDBC 0%, #F9F9F9 100%)",
					"name": "垂直柔和的薄荷色到白色",
					"slug": "gradient-5"
				},
				{
					"gradient": "linear-gradient(to bottom, #A4A4A4 0%, #F9F9F9 100%)",
					"name": "垂直软紫铜色至白色",
					"slug": "gradient-6"
				},
				{
					"gradient": "linear-gradient(to bottom, #cfcabe 50%, #F9F9F9 50%)",
					"name": "垂直硬米色至白色",
					"slug": "gradient-7"
				},
				{
					"gradient": "linear-gradient(to bottom, #C2A990 50%, #F9F9F9 50%)",
					"name": "垂直坚硬砂岩至白色",
					"slug": "gradient-8"
				},
				{
					"gradient": "linear-gradient(to bottom, #D8613C 50%, #F9F9F9 50%)",
					"name": "垂直硬锈变为白色",
					"slug": "gradient-9"
				},
				{
					"gradient": "linear-gradient(to bottom, #B1C5A4 50%, #F9F9F9 50%)",
					"name": "垂直硬鼠尾草至白色",
					"slug": "gradient-10"
				},
				{
					"gradient": "linear-gradient(to bottom, #B5BDBC 50%, #F9F9F9 50%)",
					"name": "垂直硬薄荷变白",
					"slug": "gradient-11"
				},
				{
					"gradient": "linear-gradient(to bottom, #A4A4A4 50%, #F9F9F9 50%)",
					"name": "垂直硬紫铜色到白色",
					"slug": "gradient-12"
				},
				{
					"color": "#000",
					"gradient": "linear-gradient(135deg,rgb(160,248,182) 0%,rgb(242,151,228) 100%)",
					"name": "颜色 1",
					"slug": "custom-1"
				}
			],
			"palette": [
				{
					"color": "#eeeeee",
					"name": "基准色",
					"slug": "base"
				},
				{
					"color": "#ffffff",
					"name": "底座 / 两个",
					"slug": "base-2"
				},
				{
					"color": "#222831",
					"name": "对比色",
					"slug": "contrast"
				},
				{
					"color": "#393e46",
					"name": "对比/两个",
					"slug": "contrast-2"
				},
				{
					"color": "#00adb5",
					"name": "对比/三",
					"slug": "contrast-3"
				},
				{
					"color": "#ff2121",
					"name": "强调",
					"slug": "accent"
				},
				{
					"color": "#bddd22",
					"name": "重音/两个",
					"slug": "accent-2"
				},
				{
					"color": "#fff143",
					"name": "重音 / 三",
					"slug": "accent-3"
				},
				{
					"color": "#ff461f",
					"name": "重音 / 四",
					"slug": "accent-4"
				},
				{
					"color": "#801dae",
					"name": "重音 / 五",
					"slug": "accent-5"
				}
			]
		},
		"layout": {
			"contentSize": "1440px",
			"wideSize": "100%"
		},
		"spacing": {
			"defaultSpacingSizes": false,
			"spacingSizes": [
				{
					"name": "1",
					"size": "1rem",
					"slug": "10"
				},
				{
					"name": "2",
					"size": "min(1.5rem, 2vw)",
					"slug": "20"
				},
				{
					"name": "3",
					"size": "min(2.5rem, 3vw)",
					"slug": "30"
				},
				{
					"name": "4",
					"size": "min(4rem, 5vw)",
					"slug": "40"
				},
				{
					"name": "5",
					"size": "min(6.5rem, 8vw)",
					"slug": "50"
				},
				{
					"name": "6",
					"size": "min(10.5rem, 13vw)",
					"slug": "60"
				}
			],
			"units": [
				"%",
				"px",
				"em",
				"rem",
				"vh",
				"vw"
			]
		},
		"typography": {
			"defaultFontSizes": false,
			"fluid": true,
			"fontFamilies": [
				{
					"fontFamily": "-apple-system, BlinkMacSystemFont, avenir next, avenir, segoe ui, helvetica neue, helvetica, Cantarell, Ubuntu, roboto, noto, arial, sans-serif",
					"name": "系统无衬线字体",
					"slug": "system-sans-serif"
				},
				{
					"fontFamily": "Iowan Old Style, Apple Garamond, Baskerville, Times New Roman, Droid Serif, Times, Source Serif Pro, serif, Apple Color Emoji, Segoe UI Emoji, Segoe UI Symbol",
					"name": "系统衬线",
					"slug": "system-serif"
				},
				{
					"fontFace": [
						{
							"fontFamily": "\"OCR-A BT\"",
							"fontStyle": "normal",
							"fontWeight": "400",
							"src": "https://www.waoww.com/wp-content/uploads/fonts/OCR-a___.ttf"
						}
					],
					"fontFamily": "\"OCR-A BT\"",
					"name": "OCR-A BT",
					"slug": "ocr-a-bt"
				}
			],
			"fontSizes": [
				{
					"fluid": false,
					"name": "小",
					"size": "0.9rem",
					"slug": "small"
				},
				{
					"fluid": false,
					"name": "中号",
					"size": "1.05rem",
					"slug": "medium"
				},
				{
					"fluid": {
						"max": "1.85rem",
						"min": "1.39rem"
					},
					"name": "大号",
					"size": "1.85rem",
					"slug": "large"
				},
				{
					"fluid": {
						"max": "2.5rem",
						"min": "1.85rem"
					},
					"name": "特大号",
					"size": "2.5rem",
					"slug": "x-large"
				},
				{
					"fluid": {
						"max": "3.27rem",
						"min": "2.5rem"
					},
					"name": "特大",
					"size": "3.27rem",
					"slug": "xx-large"
				}
			],
			"writingMode": true
		},
		"useRootPaddingAwareAlignments": true
	},
	"styles": {
		"blocks": {
			"core/avatar": {
				"border": {
					"radius": "90px"
				}
			},
			"core/button": {
				"variations": {
					"outline": {
						"border": {
							"width": "1px"
						},
						"spacing": {
							"padding": {
								"bottom": "calc(0.6rem - 1px)",
								"left": "calc(1rem - 1px)",
								"right": "calc(1rem - 1px)",
								"top": "calc(0.6rem - 1px)"
							}
						}
					}
				}
			},
			"core/buttons": {
				"spacing": {
					"blockGap": "0.7rem"
				}
			},
			"core/calendar": {
				"color": {
					"text": "var(--wp--preset--color--contrast)"
				},
				"css": ".wp-block-calendar table:where(:not(.has-text-color)) th{background-color:var(--wp--preset--color--contrast-2);color:var(--wp--preset--color--base);border-color:var(--wp--preset--color--contrast-2)} & table:where(:not(.has-text-color)) td{border-color:var(--wp--preset--color--contrast-2)}"
			},
			"core/categories": {
				"css": "& {list-style-type:none;} & li{margin-bottom: 0.5rem;}",
				"spacing": {
					"padding": {
						"left": "0px",
						"right": "0px"
					}
				}
			},
			"core/code": {
				"border": {
					"color": "var(--wp--preset--color--contrast)",
					"radius": "var(--wp--preset--spacing--20)"
				},
				"color": {
					"background": "var(--wp--preset--color--base-2)",
					"text": "var(--wp--preset--color--contrast-2)"
				},
				"spacing": {
					"padding": {
						"bottom": "calc(var(--wp--preset--spacing--30) + 0.75rem)",
						"left": "calc(var(--wp--preset--spacing--30) + 0.75rem)",
						"right": "calc(var(--wp--preset--spacing--30) + 0.75rem)",
						"top": "calc(var(--wp--preset--spacing--30) + 0.75rem)"
					}
				},
				"typography": {
					"fontSize": "var(--wp--preset--font-size--medium)",
					"fontStyle": "normal",
					"fontWeight": "400",
					"lineHeight": "1.6"
				}
			},
			"core/column": {
				"spacing": {
					"blockGap": "10px",
					"padding": {
						"bottom": "10px",
						"left": "13px",
						"right": "10px",
						"top": "10px"
					}
				}
			},
			"core/columns": {
				"color": {
					"background": "var(--wp--preset--color--base-2)"
				}
			},
			"core/comment-author-name": {
				"color": {
					"text": "var(--wp--preset--color--contrast)"
				},
				"elements": {
					"link": {
						":hover": {
							"typography": {
								"textDecoration": "underline"
							}
						},
						"color": {
							"text": "var(--wp--preset--color--contrast)"
						},
						"typography": {
							"textDecoration": "none"
						}
					}
				},
				"typography": {
					"fontSize": "var(--wp--preset--font-size--small)",
					"fontStyle": "normal",
					"fontWeight": "600"
				}
			},
			"core/comment-content": {
				"spacing": {
					"margin": {
						"bottom": "var(--wp--preset--spacing--20)",
						"top": "var(--wp--preset--spacing--20)"
					}
				},
				"typography": {
					"fontSize": "var(--wp--preset--font-size--small)"
				}
			},
			"core/comment-date": {
				"color": {
					"text": "var(--wp--preset--color--contrast-2)"
				},
				"elements": {
					"link": {
						":hover": {
							"typography": {
								"textDecoration": "underline"
							}
						},
						"color": {
							"text": "var(--wp--preset--color--contrast-2)"
						},
						"typography": {
							"textDecoration": "none"
						}
					}
				},
				"spacing": {
					"margin": {
						"bottom": "0px",
						"top": "0px"
					}
				},
				"typography": {
					"fontSize": "var(--wp--preset--font-size--small)"
				}
			},
			"core/comment-edit-link": {
				"elements": {
					"link": {
						":hover": {
							"typography": {
								"textDecoration": "underline"
							}
						},
						"color": {
							"text": "var(--wp--preset--color--contrast-2)"
						},
						"typography": {
							"textDecoration": "none"
						}
					}
				},
				"typography": {
					"fontSize": "var(--wp--preset--font-size--small)"
				}
			},
			"core/comment-reply-link": {
				"elements": {
					"link": {
						":hover": {
							"typography": {
								"textDecoration": "underline"
							}
						},
						"color": {
							"text": "var(--wp--preset--color--contrast-2)"
						},
						"typography": {
							"textDecoration": "none"
						}
					}
				},
				"typography": {
					"fontSize": "var(--wp--preset--font-size--small)"
				}
			},
			"core/comments-pagination": {
				"typography": {
					"fontSize": "var(--wp--preset--font-size--small)"
				}
			},
			"core/comments-pagination-next": {
				"typography": {
					"fontSize": "var(--wp--preset--font-size--small)"
				}
			},
			"core/comments-pagination-numbers": {
				"typography": {
					"fontSize": "var(--wp--preset--font-size--small)"
				}
			},
			"core/comments-pagination-previous": {
				"typography": {
					"fontSize": "var(--wp--preset--font-size--small)"
				}
			},
			"core/footnotes": {
				"typography": {
					"fontSize": "var(--wp--preset--font-size--small)"
				}
			},
			"core/gallery": {
				"spacing": {
					"margin": {
						"bottom": "var(--wp--preset--spacing--50)"
					}
				}
			},
			"core/group": {
				"spacing": {
					"margin": {
						"bottom": "10px",
						"top": "10px"
					}
				}
			},
			"core/image": {
				"variations": {
					"rounded": {
						"border": {
							"radius": "var(--wp--preset--spacing--20)"
						}
					}
				}
			},
			"core/list": {
				"spacing": {
					"padding": {
						"left": "var(--wp--preset--spacing--10)"
					}
				}
			},
			"core/loginout": {
				"css": "& input{border-radius:.33rem;padding:calc(0.667em + 2px);border:1px solid #949494;}"
			},
			"core/navigation": {
				"elements": {
					"link": {
						":hover": {
							"typography": {
								"textDecoration": "underline"
							}
						},
						"typography": {
							"textDecoration": "none"
						}
					}
				},
				"typography": {
					"fontWeight": "500"
				}
			},
			"core/paragraph": {
				"typography": {
					"lineHeight": "2"
				}
			},
			"core/post-author": {
				"typography": {
					"fontSize": "var(--wp--preset--font-size--small)"
				}
			},
			"core/post-author-name": {
				"elements": {
					"link": {
						":hover": {
							"typography": {
								"textDecoration": "underline"
							}
						},
						"typography": {
							"textDecoration": "none"
						}
					}
				},
				"typography": {
					"fontSize": "var(--wp--preset--font-size--small)"
				}
			},
			"core/post-comments-form": {
				"css": "& textarea, input{border-radius:.33rem}"
			},
			"core/post-date": {
				"color": {
					"text": "var(--wp--preset--color--contrast-2)"
				},
				"elements": {
					"link": {
						":hover": {
							"typography": {
								"textDecoration": "underline"
							}
						},
						"color": {
							"text": "var(--wp--preset--color--contrast-2)"
						},
						"typography": {
							"textDecoration": "none"
						}
					}
				},
				"typography": {
					"fontSize": "var(--wp--preset--font-size--small)"
				}
			},
			"core/post-excerpt": {
				"typography": {
					"lineHeight": "1.6"
				}
			},
			"core/post-featured-image": {
				"border": {
					"radius": "var(--wp--preset--spacing--20)"
				}
			},
			"core/post-terms": {
				"css": "& .wp-block-post-terms__prefix{color: var(--wp--preset--color--contrast-2);}",
				"elements": {
					"link": {
						":hover": {
							"typography": {
								"textDecoration": "underline"
							}
						},
						"typography": {
							"textDecoration": "none"
						}
					}
				},
				"typography": {
					"fontSize": "var(--wp--preset--font-size--small)"
				}
			},
			"core/post-title": {
				"elements": {
					"link": {
						":hover": {
							"typography": {
								"textDecoration": "underline"
							}
						},
						"typography": {
							"textDecoration": "none"
						}
					}
				}
			},
			"core/pullquote": {
				"border": {
					"radius": "var(--wp--preset--spacing--20)"
				},
				"elements": {
					"cite": {
						"typography": {
							"fontFamily": "var(--wp--preset--font-family--body)",
							"fontSize": "var(--wp--preset--font-size--medium)",
							"fontStyle": "normal"
						}
					}
				},
				"spacing": {
					"padding": {
						"bottom": "var(--wp--preset--spacing--40)",
						"top": "var(--wp--preset--spacing--40)"
					}
				},
				"typography": {
					"fontFamily": "var(--wp--preset--font-family--heading)",
					"fontSize": "var(--wp--preset--font-size--x-large)",
					"fontStyle": "italic",
					"fontWeight": "400",
					"letterSpacing": "0em",
					"lineHeight": "1.5"
				}
			},
			"core/query-no-results": {
				"spacing": {
					"padding": {
						"top": "var(--wp--preset--spacing--30)"
					}
				}
			},
			"core/query-title": {
				"css": "& span {font-style: italic;}"
			},
			"core/quote": {
				"border": {
					"radius": "var(--wp--preset--spacing--20)"
				},
				"color": {
					"background": "var(--wp--preset--color--base-2)",
					"gradient": "linear-gradient(135deg,rgb(234,234,234) 0%,rgb(255,244,212) 43%,rgb(201,180,250) 100%)",
					"text": "var(--wp--preset--color--contrast)"
				},
				"css": "margin: 5px 0px;\n    padding: 10px;\n    border-radius: 4px;",
				"elements": {
					"cite": {
						"typography": {
							"fontFamily": "var(--wp--preset--font-family--body)",
							"fontSize": "var(--wp--preset--font-size--small)",
							"fontStyle": "normal"
						}
					},
					"heading": {
						"color": {
							"gradient": "linear-gradient(135deg,rgb(217,216,209) 0%,rgb(157,141,250) 98%)",
							"text": "var(--wp--preset--color--contrast)"
						}
					},
					"link": {
						"color": {
							"text": "var(--wp--preset--color--contrast)"
						}
					}
				},
				"spacing": {
					"blockGap": "0px",
					"padding": {
						"bottom": "calc(var(--wp--preset--spacing--30) + 0.75rem)",
						"left": "calc(var(--wp--preset--spacing--30) + 0.75rem)",
						"right": "calc(var(--wp--preset--spacing--30) + 0.75rem)",
						"top": "calc(var(--wp--preset--spacing--30) + 0.75rem)"
					}
				},
				"typography": {
					"fontFamily": "var(--wp--preset--font-family--heading)",
					"fontSize": "14px",
					"fontStyle": "italic",
					"lineHeight": "1.5"
				},
				"variations": {
					"plain": {
						"border": {
							"color": "var(--wp--preset--color--contrast)",
							"radius": "0",
							"style": "solid",
							"width": "0"
						},
						"color": {
							"background": "var(--wp--preset--color--accent-5)",
							"text": "var(--wp--preset--color--contrast)"
						},
						"spacing": {
							"padding": {
								"bottom": "var(--wp--preset--spacing--20)",
								"left": "var(--wp--preset--spacing--20)",
								"right": "var(--wp--preset--spacing--20)",
								"top": "var(--wp--preset--spacing--20)"
							}
						},
						"typography": {
							"fontFamily": "var(--wp--preset--font-family--body)",
							"fontSize": "14px",
							"fontStyle": "normal",
							"fontWeight": "300",
							"lineHeight": "1.5"
						}
					}
				}
			},
			"core/search": {
				"css": "& .wp-block-search__input{border-radius:.33rem}",
				"elements": {
					"button": {
						"border": {
							"radius": {
								"ref": "styles.elements.button.border.radius"
							}
						}
					}
				},
				"typography": {
					"fontSize": "var(--wp--preset--font-size--small)"
				}
			},
			"core/separator": {
				"border": {
					"color": "currentColor",
					"style": "solid",
					"width": "0 0 1px 0"
				},
				"color": {
					"text": "var(--wp--preset--color--contrast)"
				},
				"css": " &:not(.is-style-wide):not(.is-style-dots):not(.alignwide):not(.alignfull){width: var(--wp--preset--spacing--60)}"
			},
			"core/site-tagline": {
				"color": {
					"text": "var(--wp--preset--color--contrast-2)"
				},
				"typography": {
					"fontSize": "var(--wp--preset--font-size--small)"
				}
			},
			"core/site-title": {
				"elements": {
					"link": {
						":hover": {
							"typography": {
								"textDecoration": "none"
							}
						},
						"typography": {
							"textDecoration": "none"
						}
					}
				},
				"typography": {
					"fontFamily": "var(--wp--preset--font-family--body)",
					"fontSize": "1.2rem",
					"fontStyle": "normal",
					"fontWeight": "600"
				}
			}
		},
		"color": {
			"background": "var(--wp--preset--color--base)",
			"text": "var(--wp--preset--color--contrast-2)"
		},
		"css": ":where(.wp-site-blocks *:focus) {\n    outline-width: 2px;\n    outline-style: solid\n}\n\n.vlp-link-text-container {\n    width: 100%;\n}\n\n.header-avaterm p {\n    overflow: hidden;\n    white-space: nowrap;\n    width: 100%;\n    font-size: 8px;\n    text-align: center;\n}\n\n.home-post-tags {\n    width: 70%;\n    overflow: hidden;\n    text-overflow: ellipsis;\n    white-space: nowrap;\n    display: -webkit-box;\n    -webkit-box-orient: vertical;\n    -webkit-line-clamp: 1;\n}\n\n.home-post-template>li,\n.home3-c2-articles {\n    box-shadow: rgba(0, 0, 0, 0.25) 0px 1px 1px;\n\n}\n\n.article-content h2 {\n    padding: 10px 10px;\n    margin: 12px -20px;\n    border-left: 5px solid #222831;\n    background-color: #EEEEEE;\n}\n\n.article-content h3 {\n    padding: 10px 10px;\n    margin: 12px -20px;\n    border-left: 5px solid #393E46;\n    background-color: #EEEEEE;\n}\n\n.article-content h4 {\n    padding: 10px 10px;\n    margin: 12px -20px;\n    border-left: 5px solid #00ADB5;\n    background-color: #EEEEEE;\n}\n\n.article-content h5 {\n    padding: 10px 10px;\n    margin: 12px -20px;\n    border-left: 5px solid #bebebe;\n    background-color: #EEEEEE;\n}\n\n.article-content h6 {\n    padding: 10px 10px;\n    margin: 12px -20px;\n    border-left: 5px solid #EEEEEE;\n    background-color: #EEEEEE;\n}\n\n.sheying-posttype-container {\n    position: relative;\n}\n\n.sheying-des {\n    position: absolute;\n    /* 设置绝对定位 */\n    bottom: 0;\n    color: white;\n    /* 设置文本的颜色 */\n    padding: 10px;\n    /* 设置文本的内边距 */\n    display: none !important;\n    /* 初始状态隐藏文本 */\n    width: 100%;\n    align-item: center;\n    text-align: center;\n    /* 设置文本的居中 */\n\n}\n\n.sheying-posttype-container:hover .sheying-des {\n    display: block !important;\n    /* 鼠标悬浮时显示文本 */\n    background-image: linear-gradient(135deg, #90F7EC 10%, #32CCBC 100%);\n}\n\n.sheying-quick-view {\n    padding: 5px;\n    margin-bottom: 5px !important;\n}\n\n.exif-output-container {\n    box-shadow: rgba(50, 50, 93, 0.25) 0px 2px 5px -1px, rgba(0, 0, 0, 0.3) 0px 1px 3px -1px;\n    background-image: linear-gradient(135deg, #90F7EC 10%, #32CCBC 100%);\n}\n\n.exif-info table {\n    border-collapse: collapse;\n    width: 100%;\n    font-size: 14px;\n}\n\n.exif-info td {\n    border: 1px solid;\n    padding: 5px;\n}\n\n.exif-info td:first-child {\n    text-align: left;\n}\n\n.exif-info td:last-child {\n    text-align: left;\n}\n\n.cat-des p {\n    overflow: hidden;\n    text-overflow: ellipsis;\n    white-space: nowrap;\n}\n\n.cat-des {\n    overflow: hidden;\n    text-overflow: ellipsis;\n    white-space: nowrap;\n}\n\n.main-cat {\n    box-shadow: rgba(0, 0, 0, 0.15) 0px 2px 8px;\n}\n\n/*添加一个弹窗*/\n.sola-modal-close {\n    position: absolute;\n    top: 1.2rem;\n    right: 2rem;\n    font-size: 2rem;\n    color: #333;\n    cursor: pointer;\n    border: none;\n    background: none;\n    text-decoration: none !important;\n}\n\n.hidden {\n    display: none;\n}\n\n.sola-modal {\n    position: fixed;\n    top: 50%;\n    left: 50%;\n    transform: translate(-50%, -50%);\n    width: 30%;\n    max-width: 100%;\n    max-height: 100vh;\n    background-color: white;\n    padding: 3rem;\n    border-radius: 5px;\n    box-shadow: 0 3rem 5rem rgba(0, 0, 0, 0.3);\n    z-index: 99999;\n    overflow-y: auto;\n}\n\n.sola-modal-overlay {\n    position: fixed;\n    top: 0;\n    left: 0;\n    width: 100%;\n    height: 100%;\n    background-color: rgba(0, 0, 0, 0.6);\n    backdrop-filter: blur(3px);\n    z-index: 9999;\n}\n\n.footer-upyun {\n    width: 100%\n}\n\n.share-component {\n    text-align: center;\n    font-size: 14px;\n}\n\n.postgrid {\n    padding-bottom: 0\n}\n\n.uagb-post-grid-byline {\n    display: none;\n}\n\n.header-section2-des {\n    border: 1px solid #00ADB5;\n    border-radius: 4px;\n    text-overflow: ellipsis;\n    display: -webkit-box;\n    -webkit-line-clamp: 6;\n    -webkit-box-orient: vertical;\n    overflow: hidden;\n    padding: 0 5px;\n    margin-top: 10px;\n}\n\n/*返回顶部*/\n.scrollup {\n    display: none;\n    width: 42px;\n    height: 42px;\n    line-height: 35px;\n    position: fixed;\n    bottom: 5%;\n    right: 5%;\n    color: #fff;\n    font-size: 30px;\n    background: #555;\n    text-align: center;\n    text-decoration: none;\n    border-radius: 50%;\n    opacity: 0.85;\n}\n\n.scrollup:hover,\n.scrollup:focus {\n    color: #eee;\n    background: #5b5b5b;\n}\n\n.mytools {\n    display: inline-block;\n    width: 42px;\n    height: 42px;\n    line-height: 35px;\n    position: fixed;\n    bottom: 10%;\n    /* 调整为适合的位置 */\n    right: 5%;\n    /* 调整为适合的位置 */\n    color: #eee;\n    font-size: 40px;\n    background: #929292;\n    text-align: center;\n    opacity: 0.85;\n    filter: alpha(opacity=85);\n}\n\n.mytools:hover,\n.mytools:focus {\n    color: #eee;\n    background: #5b5b5b;\n}\n\n.mytools:before {\n    content: \"\";\n    display: inline-block;\n    width: 20px;\n    height: 20px;\n    border: 4px solid #eee;\n    border-left: none;\n    border-bottom: none;\n    transform: rotate(45deg);\n    position: relative;\n}\n\n.mytools:before:after {\n    content: \"\";\n    position: absolute;\n    width: 10px;\n    height: 4px;\n    background: #eee;\n    top: 8px;\n    left: -2px;\n}\n\n\nhtml,\nbody {\n    scroll-behavior: smooth;\n}\n\n.apost-content {\n    height: 100%;\n}\n\n.sidebarsticky {\n    position: sticky !important;\n    top: 0px;\n    height: 100%;\n\n}\n\n.bookmark-card__description {\n    font-size: 14px;\n    color: #999999;\n}\n\n.bookmark-card__title {\n    font-size: 16px;\n    color: #808080;\n}\n\n.bookmark_card__meta {\n    font-size: 12px;\n    color: #999999;\n}\n\n.social-share .icon-wechat .wechat-qrcode .qrcode {\n    width: 105px;\n    margin: 0px auto !important;\n}\n\n.social-share .icon-wechat .wechat-qrcode {\n    top: -120px !important;\n    left: -37px !important;\n    width: 100px !important;\n    height: 100px !important;\n}\n\n.wechat-qrcode h4 {\n    display: none;\n}\n\n.help {\n    display: none\n}\n\n.custom-links-list {\n    display: flex;\n    flex-wrap: wrap;\n    margin: 0 -10px;\n    max-width: 1440px;\n    /* 设置宽度 */\n    padding: 20px;\n    /* 设置边间距 */\n    box-sizing: border-box;\n    /* 确保内外边距计算正确 */\n    margin: 0 auto;\n    /* 居中 */\n}\n\n.custom-link-item {\n    display: flex;\n    border: 1px solid #00ADB5;\n    /* 继承主题边框 */\n    padding: 15px;\n    margin: 10px;\n    width: calc(25% - 20px);\n    /* 一行显示四个链接 */\n    box-sizing: border-box;\n    background-color: inherit;\n    /* 继承主题背景色 */\n    border-radius: inherit;\n    /* 继承主题圆角 */\n    transition: all 0.3s ease;\n}\n\n.custom-link-item:hover {\n    box-shadow: 0 4px 8px rgba(0, 0, 0, 0.1);\n    transform: translateY(-5px);\n}\n\n.custom-link-image {\n    margin-right: 15px;\n    flex-shrink: 0;\n}\n\n.custom-link-image img {\n    max-width: 50px;\n    /* 控制图像大小 */\n    height: auto;\n    border-radius: inherit;\n    /* 继承主题圆角 */\n    object-fit: contain;\n}\n\n.custom-link-content {\n    display: flex;\n    flex-direction: column;\n    justify-content: space-between;\n    flex-grow: 1;\n}\n\n.custom-link-title {\n    font-size: 20px;\n    margin: 0;\n    font-weight: 600;\n}\n\n.custom-link-title a {\n    text-decoration: none;\n    color: inherit;\n    /* 继承主题颜色 */\n    transition: color 0.3s ease;\n}\n\n.custom-link-title a:hover {\n    color: inherit;\n    /* 继承主题悬停颜色 */\n}\n\n.custom-link-description {\n    font-size: 14px;\n    color: inherit;\n    /* 继承主题颜色 */\n    margin: 0;\n}\n\n.home-cats {\n    height: 240px;\n}\n\n#jineng-pie {\n    max-height: 180px;\n    padding: 10px;\n    display: flex;\n    align-content: center;\n    justify-content: center;\n    align-items: center;\n    z-index: 9;\n    overflow: visible;\n\n}\n\n.home-post-template-image {\n    text-align: center;\n}\n\n.home-cat-des {\n    overflow: hidden;\n    text-overflow: ellipsis;\n    white-space: nowrap;\n}\n\n/*搜索modal表格样式*/\n#bingsearchform {\n    display: flex;\n    width: 100%;\n    max-width: 500px;\n    background-color: #fff;\n    border-radius: 5px;\n    box-shadow: 0 2px 4px rgba(0, 0, 0, 0.1);\n    overflow: hidden;\n}\n\n#bingsearchinput {\n    flex: 1;\n    padding: 10px;\n    border: none;\n    outline: none;\n}\n\n#bingsearchinput::placeholder {\n    color: #999;\n}\n\n#bingsearchform button {\n    padding: 10px 20px;\n    background-color: #0078d4;\n    color: #fff;\n    border: none;\n    cursor: pointer;\n}\n\n#bingsearchform button:hover {\n    background-color: #005a9e;\n}\n\n.home3-c11-postloop {\n    overflow: hidden;\n    padding: 10px;\n    border: 1px solid #00ADB5;\n    background-color: #fff\n}\n\n.home3-c1 {\n    display: table;\n}\n\n.home3-c11 {\n    display: table-cell\n}\n\n.header-section2,\n.header-1112 {\n    height: 100%;\n}\n\n.searchmodal {\n    border-width: 1px;\n    padding-top: 5px;\n    padding-right: 5px;\n    padding-bottom: 5px;\n    padding-left: 5px\n}\n\n.heaeder-hidden {\n    display: none !important;\n}\n\n.home-post-exp {\n    overflow: hidden;\n    text-overflow: ellipsis;\n    display: -webkit-box;\n    -webkit-box-orient: vertical;\n    -webkit-line-clamp: 4;\n}\n\n.home-post-date {\n    width: 30%;\n    overflow: hidden;\n    text-overflow: ellipsis;\n    white-space: nowrap;\n    display: -webkit-box;\n    -webkit-box-orient: vertical;\n    -webkit-line-clamp: 1;\n}\n\n.header-mobilenav {\n    display: none !important;\n}\n\n.header-avaterm {\n    height: 100%;\n}\n\n.home-post-exp p {\n    overflow: hidden;\n    text-overflow: ellipsis;\n    display: -webkit-box;\n    -webkit-box-orient: vertical;\n    -webkit-line-clamp: 4;\n}\n\n@media screen and (max-width: 1399px) {\n    .header-echarts {\n        display: none;\n    }\n}\n\n/*屏幕宽度小于781的样式*/\n@media screen and (max-width: 780px) {\n\n    .header-avatar-image {\n        width: 100px;\n        height: 100px;\n    }\n\n    .header-me-des,\n    .header-me-des H2 {\n        text-align: center;\n    }\n\n    .header-section2-1 {\n        display: none !important;\n    }\n\n    .header-mobilenav {\n        display: flex !important;\n    }\n\n}\n\n/*屏幕宽度小于970的样式*/\n@media screen and (max-width: 969px) {\n    .wp-block-post-template-is-layout-grid.wp-block-post-template-is-layout-grid.wp-block-post-template-is-layout-grid.wp-block-post-template-is-layout-grid {\n        grid-template-columns: 50% 50%;\n    }\n}\n\n/*屏幕宽度小于460的样式*/\n@media screen and (max-width: 460px) {\n    .wp-block-post-template-is-layout-grid.wp-block-post-template-is-layout-grid.wp-block-post-template-is-layout-grid.wp-block-post-template-is-layout-grid {\n        grid-template-columns: 1fr\n    }\n}\n\n\n/*屏幕宽度小于1070的样式*/\n@media screen and (max-width: 1070px) {\n\n    .home3-c2-articles,\n    .home3-c11-posttemplate {\n        height: auto;\n    }\n}\n\n/*在屏幕宽度小于1400px应用的样式*/\n@media screen and (max-width: 1400px) {\n    .footer-column {\n        flex-wrap: wrap !important;\n        flex-direction: column;\n        text-align: center;\n        gap: 0;\n    }\n\n    .footer-column-2-p {\n        text-align: center;\n    }\n\n}\n\n/*屏幕宽度小于1070的样式*/\n@media screen and (max-width: 1110px) {\n    .share-component {\n        display: none;\n    }\n}\n\n#gspb_button-id-gsbp-7dc2e41 {\n    justify-content: center !important;\n}\n\n.home-post-title{\nborder-left: 0 !important;\n    background-color: #fff !important;\n}\na:focus {\n    outline: none;\n}\n",
		"elements": {
			"button": {
				":active": {
					"color": {
						"background": "var(--wp--preset--color--contrast)",
						"text": "var(--wp--preset--color--base)"
					}
				},
				":focus": {
					"border": {
						"color": "var(--wp--preset--color--contrast-2)"
					},
					"color": {
						"background": "var(--wp--preset--color--contrast-2)",
						"text": "var(--wp--preset--color--base)"
					},
					"outline": {
						"color": "var(--wp--preset--color--contrast)",
						"offset": "2px"
					}
				},
				":hover": {
					"border": {
						"color": "var(--wp--preset--color--contrast-2)"
					},
					"color": {
						"background": "var(--wp--preset--color--contrast-2)",
						"text": "var(--wp--preset--color--base)"
					}
				},
				"border": {
					"color": "var(--wp--preset--color--contrast)",
					"radius": ".33rem"
				},
				"color": {
					"background": "var(--wp--preset--color--contrast-2)",
					"text": "var(--wp--preset--color--base)"
				},
				"spacing": {
					"padding": {
						"bottom": "0.6rem",
						"left": "1rem",
						"right": "1rem",
						"top": "0.6rem"
					}
				},
				"typography": {
					"fontSize": "14px",
					"fontStyle": "normal",
					"fontWeight": "500"
				}
			},
			"caption": {
				"color": {
					"text": "var(--wp--preset--color--contrast-2)"
				},
				"typography": {
					"fontFamily": "var(--wp--preset--font-family--body)",
					"fontSize": "14px"
				}
			},
			"h1": {
				"typography": {
					"fontSize": "22px",
					"fontStyle": "normal",
					"fontWeight": "700",
					"lineHeight": "1.15"
				}
			},
			"h2": {
				"typography": {
					"fontSize": "18px",
					"fontStyle": "normal",
					"fontWeight": "600"
				}
			},
			"h3": {
				"typography": {
					"fontSize": "16px",
					"fontStyle": "normal",
					"fontWeight": "600"
				}
			},
			"h4": {
				"typography": {
					"fontSize": "16px",
					"fontStyle": "normal",
					"fontWeight": "600"
				}
			},
			"h5": {
				"typography": {
					"fontSize": "14px",
					"fontStyle": "normal",
					"fontWeight": "600"
				}
			},
			"h6": {
				"typography": {
					"fontSize": "14px",
					"fontStyle": "normal",
					"fontWeight": "600"
				}
			},
			"heading": {
				"color": {
					"text": "var(--wp--preset--color--contrast)"
				},
				"typography": {
					"fontFamily": "var(--wp--preset--font-family--heading)",
					"fontWeight": "400",
					"lineHeight": "1.2"
				}
			},
			"link": {
				":hover": {
					"color": {
						"text": "var(--wp--preset--color--contrast-3)"
					},
					"typography": {
						"textDecoration": "none"
					}
				},
				"color": {
					"text": "var(--wp--preset--color--contrast)"
				},
				"typography": {
					"fontSize": "14px"
				}
			}
		},
		"spacing": {
			"blockGap": "10px",
			"padding": {
				"bottom": "0px",
				"left": "20px",
				"right": "20px",
				"top": "0px"
			}
		},
		"typography": {
			"fontFamily": "var(--wp--preset--font-family--body)",
			"fontSize": "14px",
			"fontStyle": "normal",
			"fontWeight": "400",
			"lineHeight": "1.6"
		}
	},
	"templateParts": [
		{
			"area": "header",
			"name": "header",
			"title": "页眉"
		},
		{
			"area": "footer",
			"name": "footer",
			"title": "页脚"
		},
		{
			"area": "uncategorized",
			"name": "sidebar",
			"title": "侧边栏"
		},
		{
			"area": "uncategorized",
			"name": "post-meta",
			"title": "文章 Meta"
		}
	],
	"version": 3
}